<?xml version="1.0" encoding="UTF-8"?>
<!-- IMPORTANT: This is an internal file that has been generated
     by the Xilinx ISE software.  Any direct editing or
     changes made to this file may result in unpredictable
     behavior or data corruption.  It is strongly advised that
     users do not edit the contents of this file. -->
<DeviceUsageSummary rev="1">
<DesignStatistics TimeStamp="Sat Mar  8 12:47:42 2025"><group name="MiscellaneousStatistics">
<item name="AGG_BONDED_IO" rev="1">
<attrib name="value" value="46"/></item>
<item name="AGG_IO" rev="1">
<attrib name="value" value="46"/></item>
<item name="AGG_SLICE" rev="1">
<attrib name="value" value="13"/></item>
<item name="NUM_4_INPUT_LUT" rev="1">
<attrib name="value" value="23"/></item>
<item name="NUM_BONDED_IBUF" rev="1">
<attrib name="value" value="14"/></item>
<item name="NUM_BONDED_IOB" rev="1">
<attrib name="value" value="32"/></item>
<item name="NUM_BUFGMUX" rev="1">
<attrib name="value" value="1"/></item>
<item name="NUM_CYMUX" rev="1">
<attrib name="value" value="19"/></item>
<item name="NUM_MULTAND" rev="1">
<attrib name="value" value="18"/></item>
<item name="NUM_SLICEL" rev="1">
<attrib name="value" value="13"/></item>
<item name="NUM_SLICE_FF" rev="1">
<attrib name="value" value="12"/></item>
<item name="NUM_XOR" rev="1">
<attrib name="value" value="21"/></item>
<item name="Xilinx Core dist_mem_gen_v7_2, Xilinx CORE Generator 14.7" rev="1">
<attrib name="value" value="1"/></item>
</group>
</DesignStatistics>
<CmdHistory>
</CmdHistory>
</DeviceUsageSummary>
